<?xml version="1.0" encoding="UTF-8"?><TaskRepositories OutputVersion="2"><TaskRepository kind="bugzilla" url="https://bugs.eclipse.org/bugs" version="3.6" encoding="UTF-8" timezone="Asia/Muscat" org.eclipse.mylyn.tasklist.repositories.proxy.usedefault="true" org.eclipse.mylyn.tasklist.repositories.savePassword="true" org.eclipse.mylyn.tasklist.repositories.httpauth.savePassword="true" org.eclipse.mylyn.tasklist.repositories.proxy.savePassword="true" label="Eclipse.org" org.eclipse.mylyn.tasklist.repositories.enabled="false" org.eclipse.mylyn.tasklist.repositories.template="true" category="org.eclipse.mylyn.category.bugs" avatarSupport="true"><Property value="3.6" key="version"/><Property value="UTF-8" key="encoding"/><Property value="Asia/Muscat" key="timezone"/><Property value="true" key="org.eclipse.mylyn.tasklist.repositories.proxy.usedefault"/><Property value="true" key="org.eclipse.mylyn.tasklist.repositories.savePassword"/><Property value="true" key="org.eclipse.mylyn.tasklist.repositories.httpauth.savePassword"/><Property value="true" key="org.eclipse.mylyn.tasklist.repositories.proxy.savePassword"/><Property value="Eclipse.org" key="label"/><Property value="false" key="org.eclipse.mylyn.tasklist.repositories.enabled"/><Property value="true" key="org.eclipse.mylyn.tasklist.repositories.template"/><Property value="org.eclipse.mylyn.category.bugs" key="category"/><Property value="true" key="avatarSupport"/></TaskRepository><TaskRepository kind="local" url="local" version="1" encoding="UTF-8" timezone="Asia/Muscat" org.eclipse.mylyn.tasklist.repositories.proxy.usedefault="true" org.eclipse.mylyn.tasklist.repositories.savePassword="true" org.eclipse.mylyn.tasklist.repositories.httpauth.savePassword="true" org.eclipse.mylyn.tasklist.repositories.proxy.savePassword="true" label="Local" category="org.eclipse.mylyn.category.tasks"><Property value="1" key="version"/><Property value="UTF-8" key="encoding"/><Property value="Asia/Muscat" key="timezone"/><Property value="true" key="org.eclipse.mylyn.tasklist.repositories.proxy.usedefault"/><Property value="true" key="org.eclipse.mylyn.tasklist.repositories.savePassword"/><Property value="true" key="org.eclipse.mylyn.tasklist.repositories.httpauth.savePassword"/><Property value="true" key="org.eclipse.mylyn.tasklist.repositories.proxy.savePassword"/><Property value="Local" key="label"/><Property value="org.eclipse.mylyn.category.tasks" key="category"/></TaskRepository><TaskRepository kind="jira" url="https://issuetracker.springsource.com" version="unknown" encoding="UTF-8" timezone="Asia/Muscat" org.eclipse.mylyn.tasklist.repositories.proxy.usedefault="true" org.eclipse.mylyn.tasklist.repositories.savePassword="true" org.eclipse.mylyn.tasklist.repositories.httpauth.savePassword="true" org.eclipse.mylyn.tasklist.repositories.proxy.savePassword="true" label="SpringSource" org.eclipse.mylyn.tasklist.repositories.template="true" category="org.eclipse.mylyn.category.bugs" org.eclipse.mylyn.tasklist.repositories.configuration.securestorage="true"><Property value="unknown" key="version"/><Property value="UTF-8" key="encoding"/><Property value="Asia/Muscat" key="timezone"/><Property value="true" key="org.eclipse.mylyn.tasklist.repositories.proxy.usedefault"/><Property value="true" key="org.eclipse.mylyn.tasklist.repositories.savePassword"/><Property value="true" key="org.eclipse.mylyn.tasklist.repositories.httpauth.savePassword"/><Property value="true" key="org.eclipse.mylyn.tasklist.repositories.proxy.savePassword"/><Property value="SpringSource" key="label"/><Property value="true" key="org.eclipse.mylyn.tasklist.repositories.template"/><Property value="org.eclipse.mylyn.category.bugs" key="category"/><Property value="true" key="org.eclipse.mylyn.tasklist.repositories.configuration.securestorage"/></TaskRepository><TaskRepository kind="jira" url="http://jira.springsource.org" version="unknown" encoding="UTF-8" timezone="Asia/Muscat" org.eclipse.mylyn.tasklist.repositories.proxy.usedefault="true" org.eclipse.mylyn.tasklist.repositories.savePassword="true" org.eclipse.mylyn.tasklist.repositories.httpauth.savePassword="true" org.eclipse.mylyn.tasklist.repositories.proxy.savePassword="true" label="Spring Framework" org.eclipse.mylyn.tasklist.repositories.template="true" category="org.eclipse.mylyn.category.bugs" org.eclipse.mylyn.tasklist.repositories.configuration.securestorage="true"><Property value="unknown" key="version"/><Property value="UTF-8" key="encoding"/><Property value="Asia/Muscat" key="timezone"/><Property value="true" key="org.eclipse.mylyn.tasklist.repositories.proxy.usedefault"/><Property value="true" key="org.eclipse.mylyn.tasklist.repositories.savePassword"/><Property value="true" key="org.eclipse.mylyn.tasklist.repositories.httpauth.savePassword"/><Property value="true" key="org.eclipse.mylyn.tasklist.repositories.proxy.savePassword"/><Property value="Spring Framework" key="label"/><Property value="true" key="org.eclipse.mylyn.tasklist.repositories.template"/><Property value="org.eclipse.mylyn.category.bugs" key="category"/><Property value="true" key="org.eclipse.mylyn.tasklist.repositories.configuration.securestorage"/></TaskRepository></TaskRepositories>